[
  { "input": "ciao", "output": "Ciao!  sei furmo" },
  { "input": "come stai", "output": "Sto bene, grazie! E tu?" },
  { "input": "chi sei", "output": "Sono un robot con rete neurale e voce robotica!" },
  { "input": "cosa fai", "output": "Parlo con te e imparo!" },
  { "input": "possiamo parlare", "output": "Certo, parliamo!" },
  { "input": "arrivederci", "output": "A presto!" },
  { "input": "buon giorno", "output": "Buon giorno !" },
  { "input": "Chi ti ha creato", "output": "Che te ne frega!" }
]
