[
  {"ora": 0, "umidita": 40, "pressione": 1002, "temperatura": 12.1},
  {"ora": 1, "umidita": 42, "pressione": 1001, "temperatura": 11.9},
  {"ora": 2, "umidita": 43, "pressione": 1003, "temperatura": 11.7},
  {"ora": 3, "umidita": 45, "pressione": 1000, "temperatura": 11.4},
  {"ora": 4, "umidita": 46, "pressione": 1005, "temperatura": 11.0},
  {"ora": 5, "umidita": 48, "pressione": 1007, "temperatura": 10.8},
  {"ora": 6, "umidita": 50, "pressione": 1010, "temperatura": 11.5},
  {"ora": 7, "umidita": 52, "pressione": 1012, "temperatura": 12.8},
  {"ora": 8, "umidita": 55, "pressione": 1015, "temperatura": 14.2},
  {"ora": 9, "umidita": 57, "pressione": 1018, "temperatura": 15.1}
]

